{
    "DelayCost": 0.0,
    "ExtraFuelCost": 156.92959667941614,
    "CancelCost": 0,
    "FollowGain": -453.00000000003416,
    "Objective": -296.06951032848156
}