{
    "DelayCost": 83198.1558,
    "ExtraFuelCost": 2856.4800500217825,
    "CancelCost": 0,
    "FollowGain": -1698.6999999995564,
    "Objective": 84357.14673213253
}