{
    "DelayCost": 33104.585009999995,
    "ExtraFuelCost": 2335.8041083272547,
    "CancelCost": 0,
    "FollowGain": -1186.8000000000197,
    "Objective": 34254.65670469066
}