{
    "DelayCost": 24304.641539999997,
    "ExtraFuelCost": 1183.3362592997728,
    "CancelCost": 0,
    "FollowGain": -1140.3000000000616,
    "Objective": 24347.44703940599
}