{
    "DelayCost": 98008.65110999999,
    "ExtraFuelCost": 3823.032023873413,
    "CancelCost": 0,
    "FollowGain": -2481.1999999988448,
    "Objective": 99349.17750286916
}