{
    "DelayCost": 32948.10432,
    "ExtraFuelCost": 1775.2177455385827,
    "CancelCost": 0,
    "FollowGain": -441.0000000000316,
    "Objective": 34283.04050946825
}