{
    "DelayCost": 53067.76224,
    "ExtraFuelCost": 2238.8736117024964,
    "CancelCost": 0,
    "FollowGain": -411.2000000000247,
    "Objective": 54895.97469811876
}