{
    "DelayCost": 98255.94419999998,
    "ExtraFuelCost": 3311.94472315858,
    "CancelCost": 0,
    "FollowGain": -857.9000000001274,
    "Objective": 100712.18372226437
}